{"epoch": 0, "train_loss": 0.19965006860654097, "val_loss": 0.20000001988800398, "_timestamp": 1740755875.7674086, "_runtime": 5183.3067536354065, "_step": 0, "_wandb": {"runtime": 5183}}