{"epoch":8,"train_loss":0.30000001192092896,"val_loss":0.30000001192092896,"test_loss":0.30000001192092896,"_wandb":{"runtime":190},"_timestamp":1.7404560723017218e+09,"_runtime":190.650114957,"_step":6}