{"val_loss":0.30000001192092896,"_timestamp":1.7404576749331398e+09,"_runtime":176.940119948,"_step":6,"test_loss":0.30000001192092896,"_wandb":{"runtime":176},"epoch":14,"train_loss":0.30000001192092896}