{"val_loss":0.30000001192092896,"_timestamp":1.7404547065301323e+09,"_runtime":42.108543771,"_step":0,"_wandb":{"runtime":42},"epoch":0,"train_loss":0.29916648802004364}