{"_timestamp":1.7404551321780179e+09,"_wandb":{"runtime":42},"_runtime":42.684973624,"_step":0,"epoch":1,"train_loss":0.30000001192092896,"val_loss":0.30000001192092896}