{"epoch": 0, "train_loss": 0.3999122737353404, "val_loss": 0.40000000598421137, "_timestamp": 1740745850.5472937, "_runtime": 5036.745161771774, "_step": 0, "_wandb": {"runtime": 5036}}