{"epoch": 8, "train_loss": 0.30000001192092896, "val_loss": 0.30000001192092896, "_timestamp": 1740865096.3046353, "_runtime": 37485.551550388336, "_step": 8}