{"epoch": 3, "train_loss": 0.40000000695426957, "val_loss": 0.4000000059723379, "_timestamp": 1740784609.8387423, "_runtime": 24038.148546218872, "_step": 3}