{"epoch": 8, "train_loss": 0.19999997467453304, "val_loss": 0.20000000264804074, "_timestamp": 1740801438.071591, "_runtime": 40160.99196386337, "_step": 8}