{"epoch": 0, "train_loss": 0.1995532376134902, "val_loss": 0.19999024487889497, "_timestamp": 1740797666.5408974, "_runtime": 19667.908918380737, "_step": 0, "_wandb": {"runtime": 19667}}