{"epoch": 1, "train_loss": 0.4000000059604645, "val_loss": 0.4000000059723379, "_timestamp": 1740800019.01953, "_runtime": 38735.93378710747, "_step": 1}