{"epoch": 0, "train_loss": 0.19949118039966718, "val_loss": 0.19994280643903525, "_timestamp": 1740777961.443777, "_runtime": 19872.298760175705, "_step": 0, "_wandb": {"runtime": 19872}}