{"epoch":0,"train_loss":0.2991229157698782,"val_loss":0.30000001192092896,"_timestamp":1.740454367826963e+09,"_runtime":67.651961394,"_step":0,"_wandb":{"runtime":67}}