{"epoch": 0, "train_loss": 0.19857366559062037, "val_loss": 0.1999888144148763, "_timestamp": 1740734713.3522325, "_runtime": 4715.472997426987, "_step": 0, "_wandb": {"runtime": 4715}}