{"epoch": 6, "train_loss": 0.30000001192092896, "val_loss": 0.30000001192092896, "_timestamp": 1740866916.1020715, "_runtime": 32612.70162653923, "_step": 6}