{"_runtime":47.290085963,"_step":0,"_wandb":{"runtime":47},"epoch":2,"train_loss":0.30000001192092896,"val_loss":0.30000001192092896,"_timestamp":1.740455654221391e+09}