{"test_loss":0.30000001192092896,"_wandb":{"runtime":229},"epoch":20,"train_loss":0.30000001192092896,"val_loss":0.30000001192092896,"_timestamp":1.7404648499515839e+09,"_runtime":229.588702518,"_step":6}