{"epoch": 0, "train_loss": 0.29999374920068256, "val_loss": 0.30000001192092896, "_timestamp": 1740740802.293997, "_runtime": 6076.362852096558, "_step": 0, "_wandb": {"runtime": 6076}}