{"epoch": 8, "train_loss": 0.19999998153060522, "val_loss": 0.19999999970316412, "_timestamp": 1740802145.1611538, "_runtime": 40875.061067819595, "_step": 8}