{"epoch": 10, "train_loss": 0.30000001192092896, "val_loss": 0.30000001192092896, "_timestamp": 1740827597.4340918, "_runtime": 45025.13600182533, "_step": 11, "test_loss": 0.30000001192092896, "_wandb": {"runtime": 45024}}