{"_runtime":252.327832268,"_step":6,"epoch":26,"train_loss":0.30000001192092896,"val_loss":0.30000001192092896,"test_loss":0.30000001192092896,"_wandb":{"runtime":252},"_timestamp":1.74046940527267e+09}