{"epoch": 10, "train_loss": 0.4000000007074946, "val_loss": 0.4000000003606651, "_timestamp": 1740834283.856892, "_runtime": 51241.224523067474, "_step": 11, "test_loss": 0.40000000178434286, "_wandb": {"runtime": 51240}}