{"epoch": 1, "train_loss": 0.29999993921787366, "val_loss": 0.3000000159816438, "_timestamp": 1740778242.3343983, "_runtime": 17029.566177368164, "_step": 1}