{"epoch": 0, "train_loss": 0.39981971096370184, "val_loss": 0.39964141696097844, "_timestamp": 1740750677.5220377, "_runtime": 4813.432443857193, "_step": 0, "_wandb": {"runtime": 4813}}